VsoId	ExpectedIds	ActualIds
22233092	MSFT-CH1B-DM5B-SWAN-0002-0::100GBE-1 MSFT-CH1B-DM5B-SWAN-0041-0::100GBE-1 MSFT-CH1B-DM5B-SWAN-0043-0::100GBE-1 MSFT-CH1B-DM5B-SWAN-0005-0::100GBE-1 MSFT-CH1B-DM5B-SWAN-0035-0::100GBE-1 MSFT-CH1B-DM5B-SWAN-0031-0::100GBE-1 MSFT-CH1B-DM5B-SWAN-0037-0::100GBE-1 MSFT-CH1B-DM5B-SWAN-0039-0::100GBE-1 MSFT-CH1B-DM5B-SWAN-0044-0::100GBE-1 MSFT-CH1B-DM5B-SWAN-0042-0::100GBE-1 MSFT-CH1B-DM5B-SWAN-0038-0::100GBE-1 MSFT-CH1B-DM5B-SWAN-0036-0::100GBE-1 MSFT-CH1B-DM5B-SWAN-0040-0::100GBE-1 MSFT-CH1B-DM5B-SWAN-0032-0::100GBE-1 MSFT-CH1B-DM5B-SWAN-0030-0::100GBE-1 MSFT-CHGA-DM3A-ITAR-0002-0::100GBE-1 MSFT-CHGA-DM3A-ITAR-0003-0::100GBE-1 MSFT-CH1B-DM3A-ITAR-0005-0::100GBE-1 MSFT-CH1B-DM3A-ITAR-0006-0::100GBE-1 MSFT-CH1B-DM3A-ITAR-0007-0::100GBE-1 MSFT-CH1B-DM3A-ITAR-0009-0::100GBE-1 MSFT-CH1B-DM5B-MSCG-0012-0::100GBE-1 MSFT-CH1B-DM5B-MSCG-0014-0::100GBE-1 MSFT-CH1B-DM5B-MSCG-0017-0::100GBE-1 MSFT-CH1B-DM5B-MSCG-0021-0::100GBE-1 MSFT-CH1B-DM5B-MSCG-0023-0::100GBE-1 MSFT-CH1B-DM5B-MSCG-0016-0::100GBE-1 MSFT-CH1B-DM5B-MSCG-0026-0::100GBE-1 MSFT-CH1B-DM5B-MSCG-0025-0::100GBE-1 MSFT-CH1B-DM5B-MSCG-0019-0::100GBE-1 MSFT-CH1B-DM5B-MSCG-0028-0::100GBE-1 MSFT-CH1B-DM5B-MSCG-0027-0::100GBE-1 MSFT-CH1B-DM5B-MSCG-0011-0::100GBE-1 MSFT-CH1B-DM5B-MSCG-0029-0::100GBE-1 MSFT-CH1B-DM5B-MSCG-0003-0::100GBE-1 MSFT-CH1B-DM5B-MSCG-0009-0::100GBE-1 MSFT-CH1B-DM5B-MSCG-0010-0::100GBE-1 MSFT-CH1B-DM5B-MSCG-0024-0::100GBE-1 MSFT-CH1B-DM5B-MSCG-0022-0::100GBE-1 MSFT-CH1B-DM5B-MSCG-0001-0::100GBE-1 MSFT-CH1B-DM5B-MSCG-0007-0::100GBE-1 MSFT-CH1B-DM5B-MSCG-0013-0::100GBE-1 MSFT-CH1B-DM5B-MSCG-0015-0::100GBE-1 MSFT-CH1B-DM5B-MSCG-0018-0::100GBE-1 MSFT-CH1B-DM5B-MSCG-0020-0::100GBE-1 SLS 208 SLS-41108	MSFT-CH1B-DM5B-MSIT-0045-0::100GBE-1 MSFT-CH1B-DM5B-SWAN-0002-0::100GBE-1 MSFT-CH1B-DM5B-SWAN-0041-0::100GBE-1 MSFT-CH
23257110	LE100037 LE100034 LE100035 LE100036 LE100048 LE100049 LE100050 LE100051 LE100097 LE100098 LE100099 LE100100 LE100101	LE100037 (100G) LE100034 (100G) LE100035 (100G) LE100036 (100G) LE100048 (100G) LE100049 (100G) LE100050 (100G) LE100051 (100G) LE100097 (100G) LE100098 (100G) LE100099 (100G) LE100100 (100G) LE100101 (100G)
17850406	WL079712	msn34964a.100ge*fra-ist
24657961	VWE160998	VWE160998
24576043	Wavelength/01573826 GTT/001815380 GTT/001815636	MFSA5/WAVE/U/121929, MFSA5/WAVE/U/121930, MFSA5/WAVE/U/121932
17432619	BKK/CAT-SNG 100G2843ET	BKK/CAT-SNG 100G2843ET
17850413	14209371 14209360	14209371, 14209360
22921267	SR164498 / SNG(PCG)-MSL(PCG) EP6000 / SR164499 / MSL(PCG)-SNG(PCG) EP6001 /	SR171502 / SNG(PCG)-MRS(PCG) EP6227 / SR186730 / SNG(PCG)-MSL(PCG) EP6664 / Interxion CCT ID: FR179145-1 – Customer ordered SR184688 / SNG(PCG)-MSL(PCG) EP6663 / Interxion CCT ID: FR179145-2 – Customer ordered
19308597	SR164498 SR164499	SR164498 / SNG(PCG)-MSL(PCG) EP6000 /, SR164499 / MSL(PCG)-SNG(PCG) EP6001 /
17850426	12932920 13555731 13559225 13559226 13559227 13559223	12932920,13555731,13559225,13559226,13559227,13559223
17432635	IPL004488	IPL004488
21635135	LAX SYD EPL 90015279 LAX SYD EPL 90022027	LAX SYD EPL 90015279, LAX SYD EPL 90022027
25002052	DOH/MRS2/100G/100Gbe/000015 DOH-MAR/MICROSOFT/AAE1-100G03	DOH/MRS2/100G/100Gbe/000015
17096771	IE1039258367	IE1039258367
17432647	SR211308 / SNG(PCG)-MSL(PCG) EP7111	SR211308 / SNG(PCG)-MSL(PCG) EP7111
25075798	TUS/CU-MRS/CU GE100L001 MR2/TUS/100GLAN/0014 MR2/TUS/100GLAN/0015	TUS/CU-MRS/CU GE100L001；TUS/CU-MRS/CU GE100L001 MR2/TUS/100GLAN/0014；MR2/TUS/100GLAN/0015
16990298	TIS-00000078761 TIS-00000078765 TIS-00000081576 TIS-00000081577	ATHENS/WED-MARSEILLE/WED NP 0001, ATHENS/WED-WIEN/WED NP 0001, ATHENS/WED-MARSEILLE/WED NP 0002, ATHENS/WED-WIEN/WED NP 0002
25895003	198.200.130.129 198.200.130.128 2a01:111:2000:1::c7a 2a01:111:2000:1::c79 104.44.14.106 104.44.14.107 2a01:111:2000:1::20d5 2a01:111:2000:1::20d6	Not provided
24780894	IPLC-20-12610 IPLC-20-12609 IPLC-20-12668 IPLC-20-12669 IPLC-22-15394	IPLC-20-12610 & IPLC-20-12609 & IPLC-20-12668 & IPLC-20-12669 & IPLC-22-15394
24666208	MIC9041E#30_100G	MIC9041E#30_100G
21495905	2001:4860:1:1::ff2 2001:4860:1:1::ff3 72.14.194.12 72.14.194.13	-
24363110	OGYX/176206//ZYO OGYX/172340//ZYO FBDK/1148245//ZFS FBDK/1162976//ZFS FBDK/1245142//ZFS	OGYX/176206//ZYO OGYX/172340//ZYO FBDK/1148245//ZFS FBDK/1162976//ZFS FBDK/1245142//ZFS
24363115	OGYX/176206//ZYO OGYX/172340//ZYO FBDK/1148245//ZFS FBDK/1162976//ZFS FBDK/1245142//ZFS	OGYX/176206//ZYO OGYX/172340//ZYO FBDK/1148245//ZFS FBDK/1162976//ZFS FBDK/1245142//ZFS
24363116	OGYX/176206//ZYO OGYX/172340//ZYO FBDK/1148245//ZFS FBDK/1162976//ZFS FBDK/1245142//ZFS	OGYX/176206//ZYO OGYX/172340//ZYO FBDK/1148245//ZFS FBDK/1162976//ZFS FBDK/1245142//ZFS
25116797	JIOGIPLMUMSIN0224 JIOGIPLMUMSIN0248 JIOGIPLMUMSIN0249	
24985732	MN-C-RAC-LIS-IPL-100GE-A00121	MN-C-RAC-LIS-IPL-100GE-A00121
23281796	027JOHA292013677984 027CAPE292014221327 027CAPE292014221322 027CAPE292014221317 027CAPE292014221332 027MIDR292013956867 027CAPE292014066895 027CAPE292014066903 027MIDR292014077306	027JOHA292013677984 027CAPE292014221327 027CAPE292014221322 027CAPE292014221317 027CAPE292014221332 027MIDR292013956867 027CAPE292014066895 027CAPE292014066903 027MIDR292014077306
17850507	DOH-MAR/MICROSOFT/GCX-100G04 DOH-MAR/MICROSOFT/GCX-100G01	DOH-MAR/MICROSOFT/GCX-100G04-PW618350/PW618351, DOH-MAR/MICROSOFT/GCX-100G01 (PW 616113 / PW 616111 (QDC5)
23740557	500215016907 (Pyeongchon Mega Center - MS Busan Autonomous Center/100 G) 500215016908 (Pyeongchon Mega Center - MS Busan Autonomous Center/100 G) 500215016909 (Pyeongchon Mega Center - MS Busan Autonomous Center/100 G) 500215016910 (Pyeongchon Mega Center - MS Busan Autonomous Center/100 G) 500215016978 (KT MOK-DONG2 - LG CNS Mieum/100 G) 500252559291 (LGUPLUS - MS Busan Center /100 G) 500252559292 (LGUPLUS - MS Busan Center /100 G) 500252559293 (LGUPLUS - MS Busan Center /100 G) 500252588303 (LGUPLUS - MS Busan Center /100 G	500215016907 (Pyeongchon Mega Center - MS Busan Autonomous Center/100 G) 500215016908 (Pyeongchon Mega Center - MS Busan Autonomous Center/100 G) 500215016909 (Pyeongchon Mega Center - MS Busan Autonomous Center/100 G) 500215016910 (Pyeongchon Mega Center - MS Busan Autonomous Center/100 G) 500215016978 (KT MOK-DONG2 - LG CNS Mieum/100 G) 500252559291 (LGUPLUS - MS Busan Center /100 G) 500252559292 (LGUPLUS - MS Busan Center /100 G) 500252559293 (LGUPLUS - MS Busan Center /100 G) 500252588303 (LGUPLUS - MS Busan Center /100 G)
17670285	DOH-MUM/MICROSOFT/TGN-100G02 (PW 616112 / PW 616114 (QDC5) DOH-MUM/MICROSOFT/TGN-100G05-PW618348/PW618349	DOH-MUM/MICROSOFT/TGN-100G02 (PW 616112 / PW 616114 (QDC5) DOH-MUM/MICROSOFT/TGN-100G05-PW618348/PW618349
16810128	MICRSI/WAVE/U/100612 MICRSI/WAVE/U/100613 MICRSI/WAVE/U/100615 MICRSI/WAVE/U/100616	MICRSI/WAVE/U/100612, MICRSI/WAVE/U/100613, MICRSI/WAVE/U/100615, MICRSI/WAVE/U/100616
17522834	MDMR0005-SK0012/0002	MDMR0005-SK0012/0002 MDMR0005-SK0012/0002 MDMR0005-SK0012/0002
17522836	K0519039A	K0519039A
17522837	12719838	12719838
22405270	14209360 14209371	14209360, 14209371
17096855	000687 000961 004154 004155 005247 005272 005273 005274 005275 005318 005319 005320 006002 006003 006004 006005 006050 006086 006087 006088 007310 007311 007312 007313 007314 007315 007316 007317 007322 007323 007364 007365 007366 007367 007368 007369 007378 007379 007380 007381 007382 007383 007384 007385 007911 007912 007913 007914 007916 007917 007918 007919 007920 007921 007922 007923 007924 007931 007932 009612 009613 009823 009824 010092 010093 010094 010095 010096 010097 010098 010099 0100100 0100101 0100102 0100103 0100104 0100105 0100106 0100107 010150 010151 010152 010153 010154 010155 010156 010158 010159 010160 010161 010162 010163 010164 010165 010166 010167 010168 010169 010204 010205 010206 010207 010208 010209 010210 010211 010212 010213	
24780965	MN-C-RAC-LIS-IPL-100GE-A00121	MN-C-RAC-LIS-IPL-100GE-A00121
17653927	HRV/SUI/LE-252510 HRV/SUI/LE-264911-A	Not provided
17522872	T200000054 T200000055 T200000056 T200000057 T200000058 T200000059	T200000054 T200000055 T200000056 T200000057 T200000058 T200000059
17735873	SCA SYD EPL 90011153	SCA SYD EPL 90011153
17473747	1-7571414\t1-7571414\t20783652\t20783656 20783655 20783653	1-7571390, 1-7571414, 1-7571390-R, 1-7571414-R, 20783652, 20783656, 20783655, 20783653
24969436	WL074837 WL074836	msn33648b.100ge*fra-ist /comment: protected (SupplierId:WL074836 ) msn33649b.100ge*fra-ist /comment: protected (SupplierId:WL074837 )
17850591	TIS-00000078765 TIS-00000081577	ATHENS/WED-WIEN/WED NP 0001, ATHENS/WED-WIEN/WED NP 0002
24453344	12719839 12719838	12719839,12719838
24273144	MIC9041E#30_100G	MIC9041E#30_100G
25157890	441573398 441573397	441573398,441573397
17850634	MIL/VIE/WL-066033 MIL/VIE/WL-066034 MIL/VIE/WL-066036 MIL/VIE/WL-066053 MIL/VIE/WL-066054 MIL/VIE/WL-066055 MIL/VIE/WL-066056 MIL/VIE/WL-066057 MIL/VIE/WL-066058 MIL/VIE/WL-066059 MIL/VIE/WL-066060 MIL/VIE/WL-066061 MIL/VIE/WL-066062 MIL/VIE/WL-066063 MIL/VIE/WL-066064 MIL/VIE/WL-066065	-
16728337	RGBO4TA133 RGBO4TA134 RGBO4TA130 RGWLS31148 RGWLS31147 RGWLS31146 RGWLS31145 RGWLS31144 RGWLS31143 RGWLS31142 RGWLS16739	RGWLS31148,RGWLS31147,RGWLS31146,RGWLS31145,RGWLS31144,RGWLS31143,RGWLS31142,RGWLS31130,RGWLS16746,RGWLS16739,RGBO4TA134,RGBO4TA133
24846622	104.44.15.16 2a01:111:2000:1::2221	-
17473823	TIS-00000081576 TIS-00000081577 TIS-00000078765	ATHENS/WED-MARSEILLE/WED NP 0001, ATHENS/WED-MARSEILLE/WED NP 0002, ATHENS/WED-WIEN/WED NP 0002, ATHENS/WED-WIEN/WED NP 0001
17121570	00000081576	ATHENS/WED-MARSEILLE/WED NP 0002
17695014	HRV/SUI/LE-252510 HRV/SUI/LE-264911-A	
20734249	eqix-google-nni9-se-sec-zone2 MICROSOFT-SE3-CX-SEC-02-10GLAB EQIX-EXR02-WST-SEC-12212021 658309-SE3-CX-SEC-01 578200-SE2-CX-SEC-01	EQIX-EXR04-SJC-SEC-10122021 ZOOM_SJC_AER-3-1 544828-SV5-CX-SEC-01 619579-SV5-CX-SEC-04 EQIX-EXR22-SJC30-SEC-05182022 EQIX-EXR04-SJC-SEC-02172023 551411-SV1-CX-SEC-01
19718441	T200000054 T200000055 T200000056 T200000057 T200000058 T200000059	T200000054 T200000055 T200000056 T200000057 T200000058 T200000059
24846654	BEI/CT-HKG/CTHK EP263 BEI/CT-HKG/CTHK EP219	BEI/CT-HKG/CTHK EP219(BEI/CT-HKG/CTHKI 64V4C002) BEI/CT-HKG/CTHK EP263
24518974	MIC9041E	MIC9041E#30_100G
24224064	SR164498 SR164499	SR171502 / SNG(PCG)-MRS(PCG) EP6227 /  SR186730 / SNG(PCG)-MSL(PCG) EP6664 / Interxion CCT ID: FR179145-1 – Customer ordered  SR184688 / SNG(PCG)-MSL(PCG) EP6663 / Interxion CCT ID: FR179145-2 – Customer ordered  SR211310 / SNG(PCG)-MSL(PCG) EP7113 /
17695044	104.44.15.16 2a01:111:2000:1::2221 104.44.196.42 2a01:111:2000:1::2791	-
25157957	444057020 444057021 444057018 444057027 444057026 444057025 444057022 444057023 444057030 444057028 444057024 444057029 442224867 442224865 442553426 442553427 442553422 442553420 442553425 442553421 442553423 442553424	444057020 444057021 444057018 444057027 444057026 444057025
17719626	T200000054 T200000055 T200000056 T200000057 T200000058 T200000059 T200000981 T200000982 T200000983 T200000984 T200000985 T200000986	T200000054 - Microsoft Red 1 T200000055 - Microsoft Red 2 T200000056 - Microsoft Red 3 T200000057 - Microsoft Red 4 T200000058 - Microsoft Red 5 T200000059 - Microsoft Red 6 T200000981 - Microsoft Red 1 (Bergensbanen) T200000982 - Microsoft Red 2 (Bergensbanen) T200000983 - Microsoft Red 3 (Bergensbanen) T200000984 - Microsoft Red 4 (Bergensbanen) T200000985 - Microsoft Red 5 (Bergensbanen) T200000986 - Microsoft Red 6 (Bergensbanen)
24224078	SR171502 SR186730 SR184688 SR211310	SR171502 / SNG(PCG)-MRS(PCG) EP6227 /  SR186730 / SNG(PCG)-MSL(PCG) EP6664 / Interxion CCT ID: FR179145-1 – Customer ordered  SR184688 / SNG(PCG)-MSL(PCG) EP6663 / Interxion CCT ID: FR179145-2 – Customer ordered  SR211310 / SNG(PCG)-MSL(PCG) EP7113 /
25166159	13854902	13854902
24224079	SR211308 SR211309	SR211308 / SNG(PCG)-MSL(PCG) EP7111 /  SR211309 / MSL(PCG)-SNG(PCG) EP7112 /
17654095	HRV/SUI/LE-252510 HRV/SUI/LE-264911-A	Not provided
25157968	444057020 444057021 444057018 444057027 444057026 444057025 444057022 444057023 444057030 444057028 444057024 444057029 442224867 442224865 442553426 442553427 442553422 442553420 442553425 442553421 442553423 442553424	444057020 444057021 444057018 444057027 444057026 444057025
24707409	LL034478	LL034478
17727832	MIC9041E	MIC9041E#30_100G
26272093	104.44.6.172 104.44.6.173 2a01:111:2000:1::30a5 2a01:111:2000:1::30a6	8075
24846686	SR186730 SR184688 SR171502 SR211310 SR164498 SR164499 SR211308 SR215090 SR211309	SR186730 / SNG(PCG)-MSL(PCG) EP6664 / Interxion CCT ID: FR179145-1 – Customer ordered SR184688 / SNG(PCG)-MSL(PCG) EP6663 / Interxion CCT ID: FR179145-2 – Customer ordered SR171502 / SNG(PCG)-MRS(PCG) EP6227 / SR211310 / SNG(PCG)-MSL(PCG) EP7113 /
24650081	MN-C-RAC-LIS-IPL-100GE-A00121	MN-C-RAC-LIS-IPL-100GE-A00121
17146211	VWE189693\tVocus Wavelength (AUD) VWE189689\tVocus Wavelength (AUD	VWE189693, VWE189689
25125221	14211007 14211008 14211009 14211006 14211005 14211004 14211011	14211007: Microsoft Ireland Operations Ltd. 14211009: Microsoft Ireland Operations Ltd. 14211011: Microsoft Ireland Operations Ltd. 14211010: Microsoft Ireland Operations Ltd. 14211008: Microsoft Ireland Operations Ltd. 14211006: Microsoft Ireland Operations Ltd. 14211005: Microsoft Ireland Operations Ltd. 14210994: Microsoft Ireland Operations Ltd.
24387956	00G/TOPB/043917-043917/70025 00K/TOPB/043917-043917/70021 00K/TOPB/043917-043917/700212	00G/TOPB/043917-043917/70025, Wien T5 - Wien T5, Internationale IP-Anschlußleitung 100G Ethernet 00K/TOPB/043917-043917/70021, Wien T5 - Wien T5, Internationale IP-Anschlußleitung 10G Ethernet 00K/TOPB/043917-043917/700212, Wien T5 - Wien T5, Internationale IP-Anschlußleitung 10G Ethernet
17121656	443595469 443595471 443595473 443595472 443595474 443595475	443595469 443595474 443595472 443595473 443595471 443595475
17957241	05KGXS802762-003BLCA-000 05KGXS802762-005BLCA-000 05KGXS802762-007BLCA-000	05KGXS802762-003BLCA-000 05KGXS802762-005BLCA-000 05KGXS802762-007BLCA-000
24469886	104.44.196.18 104.44.196.19 2a01:111:2000:1::2761 2a01:111:2000:1::2762	-
17719681	WL079712	msn34964a.100ge*fra-ist
25903490	104.44.57.100 104.44.57.101 2a01:111:2000:1::3bc9 2a01:111:2000:1::3b	-
24387972	IPL004488 IPL004401	IPL004488, IPL004401
17121670	131949 298456	IPYX/131949/004/ZYO, IDIA/298456//ZYO, ACCX/298456//ZYO
24387975	MIC9041E#30_100G	MIC9041E#30_100G
24469896	MSFT-CH1B-DM5B-SWAN-0002-0::100GBE-1 MSFT-CH1B-DM5B-SWAN-0005-0::100GBE-1 MSFT-CH1B-DM5B-SWAN-0030-0::100GBE-1 MSFT-CH1B-DM5B-SWAN-0031-0::100GBE-1 MSFT-CH1B-DM5B-SWAN-0032-0::100GBE-1 MSFT-CH1B-DM5B-SWAN-0035-0::100GBE-1 MSFT-CH1B-DM5B-SWAN-0036-0::100GBE-1 MSFT-CH1B-DM5B-SWAN-0037-0::100GBE-1 MSFT-CH1B-DM5B-SWAN-0038-0::100GBE-1 MSFT-CH1B-DM5B-SWAN-0039-0::100GBE-1 MSFT-CH1B-DM5B-SWAN-0040-0::100GBE-1 MSFT-CH1B-DM5B-SWAN-0041-0::100GBE-1 MSFT-CH1B-DM5B-SWAN-0042-0::100GBE-1 MSFT-CH1B-DM5B-SWAN-0043-0::100GBE-1 MSFT-CH1B-DM5B-SWAN-0044-0::100GBE-1 MSFT-CH1B-DM5B-MSCG-0001-0::100GBE-1 MSFT-CH1B-DM5B-MSCG-0003-0::100GBE-1 MSFT-CH1B-DM5B-MSCG-0007-0::100GBE-1 MSFT-CH1B-DM5B-MSCG-0009-0::100GBE-1 MSFT-CH1B-DM5B-MSCG-0010-0::100GBE-1 MSFT-CH1B-DM5B-MSCG-0011-0::100GBE-1 MSFT-CH1B-DM5B-MSCG-0012-0::100GBE-1 MSFT-CH1B-DM5B-MSCG-0013-0::100GBE-1 MSFT-CH1B-DM5B-MSCG-0014-0::100GBE-1 MSFT-CH1B-DM5B-MSCG-0015-0::100GBE-1 MSFT-CH1B-DM5B-MSCG-0016-0::100GBE-1 MSFT-CH1B-DM5B-MSCG-0017-0::100GBE-1 MSFT-CH1B-DM5B-MSCG-0018-0::100GBE-1 MSFT-CH1B-DM5B-MSCG-0019-0::100GBE-1 MSFT-CH1B-DM5B-MSCG-0020-0::100GBE-1 MSFT-CH1B-DM5B-MSCG-0021-0::100GBE-1 MSFT-CH1B-DM5B-MSCG-0022-0::100GBE-1 MSFT-CH1B-DM5B-MSCG-0023-0::100GBE-1 MSFT-CH1B-DM5B-MSCG-0024-0::100GBE-1 MSFT-CH1B-DM5B-MSCG-0025-0::100GBE-1 MSFT-CH1B-DM5B-MSCG-0026-0::100GBE-1 MSFT-CH1B-DM5B-MSCG-0027-0::100GBE-1 MSFT-CH1B-DM5B-MSCG-0028-0::100GBE-1 MSFT-CH1B-DM5B-MSCG-0029-0::100GBE-1	MSFT-CH1B-DM5B-MSIT-0045-0::100GBE-1 MSFT-CH1B-DM5B-SWAN-0002-0::100GBE-1 MSFT-CH1B-DM5B-SWAN-0005-0::100GBE-1
17957254	05KJXS802762-047BLCA-000 05KJXS802762-048BLCA-000      35 JOHN TORONTO ON FLR MAIN RM MMR 05KJXS802762-076BLCA-000      35 JOHN ST FLR MAIN RM MMR TORONTO ON 05KJXS802762-077BLCA-000      35 JOHN ST FLR MAIN RM MMR TORONTO ON 05KJXS802762-078BLCA-000      35 JOHN ST FLR MAIN RM MMR TORONTO ON 05KJXS802762-079BLCA-000      35 JOHN ST FLR MAIN RM MMR TORONTO ON 05KJXS802762-080BLCA-000      35 JOHN FLR MAIN RM MMR TORONTO ON 05KJXS802762-081BLCA-000      35 JOHN FLR MAIN RM MMR TORONTO ON 05KJXS802762-082BLCA-000      35 JOHN FLR MAIN RM MMR TORONTO ON 05KJXS802762-114BLCA-000      35 JOHN ST TORONTO ON FKR MAIN RM MMR 05KJXS802762-115BLCA-000      35 JOHN ST TORONTO ON FLR MAIN RM MMR 05KJXS802762-116BLCA-000      35 JOHN ST TORONTO ON FLR MAIN RM MMR 05KJXS802762-117BLCA-000      35 JOHN ST TORONTO ON FLR MAIN RM MMR 05KJXS802762-133BLCA-000      35 JOHN FLR MAIN RM SOUTH MMR B TORONTO 05KJXS802762-134BLCA-000      35 JOHN FLR MAIN RM SOUTH MMR B / TORONTO 05KJXS802762-135BLCA-000      35 JOHN FLR MAIN RM SOUTH MMR B / TORONTO 05KJXS802762-136BLCA-000      35 JOHN FLR MAIN RM SOUTH MMR B / TORONTO	05KGXS802762-003BLCA-000 05KGXS802762-005BLCA-000 05KGXS802762-007BLCA-000
24469898	K2A/CUST/MICROSOFT-J4S/CUST JDC/MICROSOFT-FJN/IXP/SB	
25125268	VWE296998 VWE297029 VWE297018 VWE297059 VWE297060 VWE297061 VWE296989 VWE297020 VWE297023 VWE296991	VWE296998,VWE297029,VWE297018,VWE297059,VWE297060,VWE297061,VWE296989,VWE297020,VWE297023,VWE296991
25125275	VWE224159 VWE224160	VWE224159, VWE224160
17269148	LAX SYD EPL 9932644 LAX SYD EPL 9253854 LAX SYD EPL 9696335 LAX SYD EPL 9441534	LAX SYD EPL 9932644 LAX SYD EPL 9253854 LAX SYD EPL 9696335 LAX SYD EPL 9441534
25141667	CRT-007324 CRT-007325 CRT-007326 CRT-007327 CRT-009825 CRT-009826 CRT-009827 CRT-009828 CRT-010253 CRT-010254 CRT-010255 CRT-010256	SP2/MSFT - EDGECONNEX/MSFT 100GB S001 SP2/MSFT - EDGECONNEX/MSFT 100GB S002 SP2/MSFT - EDGECONNEX/MSFT 100GB S003 SP2/MSFT - EDGECONNEX/MSFT 100GB S004 SP2/MSFT - EDGECONNEX/MSFT 100GB S005 SP2/MSFT - EDGECONNEX/MSFT 100GB S006 SP2/MSFT - EDGECONNEX/MSFT 100GB S007 SP2/MSFT - EDGECONNEX/MSFT 100GB S008 SP2/MSFT - EDGECONNEX/MSFT 100GB S009 SP2/MSFT - EDGECONNEX/MSFT 100GB S010 SP2/MSFT - EDGECONNEX/MSFT 100GB S011 SP2/MSFT - EDGECONNEX/MSFT 100GB S012
24920489	K2A/CUST/MICROSOFT-J4S/CUST/MICROSOFT 100GBES03	K2A/CUST/MICROSOFT-J4S/CUST/MICROSOFT 100GBES03 (M)
17269166	443879246 443879247 443879242 443879248	443879246 443879247 443879242 443879248
24101298	2001:4860:1:1::ff2 72.14.194.12 2001:4860:1:1::ff3 72.14.194.13	-
25125298	Wavelength/01413359 Wavelength/01413360 Wavelength/01413361 Wavelength/01413362 Wavelength/01413363 Wavelength/01413364 GTT/001923776 GTT/001923775 GTT/001923774 GTT/001923773 GTT/001923772 GTT/001923771	MICRSI/WAVE/U/100598 MICRSI/WAVE/U/100599 MICRSI/WAVE/U/100600 MICRSI/WAVE/U/100601 MICRSI/WAVE/U/100602 MICRSI/WAVE/U/100603 MICRSI/WAVE/U/100628 MICRSI/WAVE/U/100627 MICRSI/WAVE/U/100626 MICRSI/WAVE/U/100625 MICRSI/WAVE/U/100624 MICRSI/WAVE/U/100623
25166262	091PUNE1258037286592	091PUNE1258037286592 091PUNE1258037286611
17719734	I61529 I65366	AUH/MS/IMEWE-MAR/MRS1/Interxion 100GBES01, AUH/MS/IMEWE-MAR/MRS1/Interxion 100GBES02 AUH/MS/IMEWE-MAR/MRS1/Interxion 100GBES03, AUH/MS/IMEWE-MAR/MRS1/Interxion 100GBES04
24453562	IPL004401	IPL004401
25166275	091PUNE1258037286611	091PUNE1258037286592 091PUNE1258037286611
24920519	104.44.196.8 104.44.196.9 2a01:111:2000:1::2749 2a01:111:2000:1::274	
24920531	142.250.173.208 142.250.173.209 2001:4860:1:1::2854 2001:4860:1:1::2855	-
17924573	FRA/MUC/LE-278717-A FRA/MUC/LE-270746 FRA/MUC/LE-278719-A FRA/MUC/LE-278713-A FRA/MUC/LE-254308-A FRA/MUC/LE-253652-A FRA/MUC/LE-270747 FRA/MUC/LE-278715-A	-
18711013	72.14.208.174 72.14.208.175 2001:4860:1:1::1338 2001:4860:1:1::1339	
24920550	MSFT-DM5A-SN1A-MSIT-0020-0::100GBE-1 MSFT-DM5A-SN1A-SWAN-0029-0::100GBE-1 MSFT-DM5A-SN1A-SWAN-0041-0::100GBE-1 MSFT-DM5A-SN1A-SWAN-0042-0::100GBE-1 MSFT-DM5A-SN1A-SWAN-0038-0::100GBE-1 MSFT-DM5A-SN1A-SWAN-0044-0::100GBE-1 MSFT-DM5A-SN1A-SWAN-0045-0::100GBE-1 MSFT-DM5A-SN1A-SWAN-0005-0::100GBE-1 MSFT-DM5A-SN1A-SWAN-0007-0::100GBE-1 MSFT-DM5A-SN1A-SWAN-0009-0::100GBE-1 MSFT-DM5A-SN1A-SWAN-0018-0::100GBE-1 MSFT-DM5A-SN1A-SWAN-0011-0::100GBE-1 MSFT-DM5A-SN1A-SWAN-0034-0::100GBE-1 MSFT-DM5A-SN1A-SWAN-0025-0::100GBE-1 MSFT-DM5A-SN1A-SWAN-0032-0::100GBE-1 MSFT-DM5A-SN1A-SWAN-0023-0::100GBE-1 MSFT-DM5A-SN1A-SWAN-0016-0::100GBE-1 MSFT-DM5A-SN1A-SWAN-0021-0::100GBE-1 MSFT-DM5A-SN1A-SWAN-0013-0::100GBE-1 MSFT-DM5A-SN1A-SWAN-0015-0::100GBE-1 MSFT-DM5A-SN1A-SWAN-0017-0::100GBE-1 MSFT-DM5A-SN1A-SWAN-0004-0::100GBE-1 MSFT-DM5A-SN1A-SWAN-0006-0::100GBE-1 MSFT-DM5A-SN1A-SWAN-0008-0::100GBE-1 MSFT-DM5A-SN1A-SWAN-0022-0::100GBE-1 MSFT-DM5A-SN1A-SWAN-0024-0::100GBE-1 MSFT-DM5A-SN1A-SWAN-0035-0::100GBE-1 MSFT-DM5A-SN1A-SWAN-0033-0::100GBE-1 MSFT-DM5A-SN1A-SWAN-0031-0::100GBE-1 MSFT-DM5A-SN1A-SWAN-0010-0::100GBE-1 MSFT-DM5A-SN1A-SWAN-0012-0::100GBE-1 MSFT-DM2B-SN1A-ITAR-0003-0::100GBE-1 MSFT-DM2B-SN1A-ITAR-0002-0::100GBE-1 MSFT-DM2B-SN1A-ITAR-0004-0::100GBE-1 MSFT-DM2B-SN1A-ITAR-0001-0::100GBE-1 MSFT-DM5A-SN1A-MSCG-0027-0::100GBE-1 MSFT-DM5A-SN1A-MSCG-0043-0::100GBE-1 MSFT-DM5A-SN1A-MSCG-0028-0::100GBE-1 MSFT-DM5A-SN1A-MSCG-0036-0::100GBE-1 MSFT-DM5A-SN1A-MSCG-0039-0::100GBE-1 MSFT-DM5A-SN1A-MSCG-0019-0::100GBE-1 MSFT-DM5A-SN1A-MSCG-0040-0::100GBE-1 MSFT-DM5A-SN1A-MSCG-0030-0::100GBE-1 MSFT-DM5A-SN1A-MSCG-0026-0::100GBE-1 MSFT-DM5A-SN1A-MSCG-0014-0::100GBE-1 SLS-41114&SLS-41107	MSFT-DM5A-SN1A-MSIT-0020-0::100GBE-1 MSFT-DM5A-SN1A-SWAN-0029-0::100GBE-1 MSFT-DM5A-SN1A-SWAN-0041-0::100GBE-1
25125349	2UB12270 2UB12271	2UB12270(HKG TPE EPL 9996208), 2UB12271(HKG TPE EPL 9828251)
17924588	BGR/FRA/LE-268915 BGR/FRA/LE-268877 BGR/FRA/LE-268914 POL/FRA/LE-269139 POL/FRA/LE-269142 BGR/FRA/LE-268913 POL/FRA/LE-269141 POL/FRA/LE-269140 BGR/FRA/LE-268885	-
16990702	T200000054 T200000055 T200000056 T200000057 T200000058 T200000059	T200000054 T200000055 T200000056 T200000057 T200000058 T200000059
24846831	SR164498 SR164499 SR211308 SR211309 SR215090 SR186730 SR184688 SR171502 SR211310	SR164498 / SNG(PCG)-MSL(PCG) EP6000 /  SR164499 / MSL(PCG)-SNG(PCG) EP6001 / SR211308 / SNG(PCG)-MSL(PCG) EP7111 / SR211309 / MSL(PCG)-SNG(PCG) EP7112 / SR215090 / SNG(PCG)-MSL(PCG) EP7114 / SR186730 / SNG(PCG)-MSL(PCG) EP6664 / Interxion CCT ID: FR179145-1 – Customer ordered SR184688 / SNG(PCG)-MSL(PCG) EP6663 / Interxion CCT ID: FR179145-2 – Customer ordered
17924594	POL/FRA/LE-263399-A POL/FRA/LE-263398-A POL/FRA/LE-268773 POL/FRA/LE-268769 POL/FRA/LE-263396-A POL/FRA/LE-268772 POL/FRA/LE-263397-A POL/FRA/LE-268729	Not provided
24322546	104.44.15.77 2a01:111:2000:1::229	AS8075
24846837	13918275 13918352 14149430 14149435 14149434 14149422 14149432 14149431 14149427 14149426 14149425 14149424 14149423 14149421 14149420 14149419 14148733 14149429 14149428 13559225 13559223 13555731 12932920 13559227 13559226	13918275,13918352,14149430,14149435,14149434,14149422,14149432,14149431,14149427,14149426,14149425,14149424,14149423,14149421,14149420,14149419,14148733,14149429,14149428,13559225,13559223,13555731,12932920,13559227,13559226
24404484	74.125.32.204 2001:4860:1:1::28e	-
24945158	13854902	13854902
24502791	SR184688	SR184688 / SNG(PCG)-MSL(PCG) EP6663 / Interxion CCT ID: FR179145-2 – Customer ordered
22045197	MIC9041E#30_100G	MIC9041E#30_100G
24986126	DOH-MAR/MICROSOFT/GCX	DOH-MAR/MICROSOFT/GCX-100G01 (PW 616113 / PW 616111 (QDC5) DOH-MAR/MICROSOFT/GCX-100G04-PW618350/PW618351
24404498	104.44.14.230 2a01:111:2000:1::21cd	-
21619228	DN0658906 DN0658908 DN0658974 DN0658978 DN0658980 DN0658983 DN0659003 DN0659007 DN0659031 DN0662439	DN0658906 DN0658908 DN0658974 DN0658978
25248293	1-13816933 1-13816934 1-13816935 1-13816936 1-13816937 1-13816938 1-13816939 1-13816940 1-13816941 1-13816942	Private Line - Ethernet - 100 Gbps - Vymsa DataBank Data Center, Atlanta - ID:1-13816933 Private Line - Ethernet - 100 Gbps - Vymsa DataBank Data Center, Atlanta - ID:1-13816934 Private Line - Ethernet - 100 Gbps - Vymsa DataBank Data Center, Atlanta - ID:1-13816935 Private Line - Ethernet - 100 Gbps - Vymsa DataBank Data Center, Atlanta - ID:1-13816936 Private Line - Ethernet - 100 Gbps - Vymsa DataBank Data Center, Atlanta - ID:1-13816937 Private Line - Ethernet - 100 Gbps - Vymsa DataBank Data Center, Atlanta - ID:1-13816938 Private Line - Ethernet - 100 Gbps - Vymsa DataBank Data Center, Atlanta - ID:1-13816939 Private Line - Ethernet - 100 Gbps - Vymsa DataBank Data Center, Atlanta - ID:1-13816940 Private Line - Ethernet - 100 Gbps - V
23732774	INT21890814/1 - 90	INT21890814/1
17924649	VET272772 VET272771 VET272773 VET272774 VCT271378	VET272772, VCT271378, VET272771, VET272773, VET272774
17924660	21932284-A 21932283-A 21932282-A	115690
23519798	103.246.232.154	-
17424961	1-13799182 1-13799184 1-13808812 1-13808813	1-13799182 1-13799184 1-13808812 1-13808813
17728069	402/ETHX/0017834 402/ETHX/0017837	402/ETHX/0017834 402/ETHX/0017837
25166406	14149425 14149424 14149423	14149425, 14149424, 14149423
17924679	TR172-9017 TR172-9019 TR172-9015 TR172-9021	MIC/TR172-9017 MIC/TR172-9015 MIC/TR172-9021 MIC/TR172-9019
24429132	142.250.160.60 2001:4860:1:1::1864	-
24986189	104.44.37.90 2a01:111:2000:1::25c1	AS8075
17924685	027JOHA292013677984 027KEMP292014235397 027KEMP292014235392 027KEMP292014235326 027KEMP292014235362 027CAPE292014221327 027CAPE292014221322 027CAPE292014221317 027CAPE292014221332 027MIDR292013956867 027CAPE292014066895 027CAPE292014066903 027MIDR292014077306	027JOHA292013677984 027KEMP292014235397 027KEMP292014235392 027KEMP292014235326 027KEMP292014235362 027CAPE292014221327
24568403	IPL004401	IPL004401
24429140	MSFT-ATBA-CH2A-MSIT-0010-0::100GBE-1 MSFT-ATBA-CH2A-SWAN-0001-0::100GBE-1 MSFT-ATBA-CH2A-SWAN-0003-0::100GBE-1 MSFT-ATBA-CH2A-SWAN-0005-0::100GBE-1 MSFT-ATBA-CH2A-SWAN-0006-0::100GBE-1 MSFT-ATBA-CH2A-SWAN-0007-0::100GBE-1 MSFT-ATBA-CH2A-SWAN-0008-0::100GBE-1 MSFT-ATBA-CH2A-SWAN-0009-0::100GBE-1 MSFT-ATBA-CH2A-SWAN-0011-0::100GBE-1 MSFT-ATBA-CH2A-SWAN-0012-0::100GBE-1 MSFT-ATBA-CH2A-SWAN-0013-0::100GBE-1 MSFT-ATBA-CH2A-SWAN-0014-0::100GBE-1 MSFT-ATBA-CH2A-SWAN-0015-0::100GBE-1 MSFT-ATBA-CH2A-SWAN-0016-0::100GBE-1 MSFT-ATBA-CH2A-SWAN-0017-0::100GBE-1 MSFT-ATBA-CH2A-SWAN-0018-0::100GBE-1 MSFT-ATBA-CH2A-SWAN-0019-0::100GBE-1 MSFT-ATBA-CH2A-SWAN-0029-0::100GBE-1 MSFT-ATBA-CH2A-SWAN-0030-0::100GBE-1 MSFT-ATBA-CH2A-SWAN-0031-0::100GBE-1 MSFT-ATBA-CH2A-SWAN-0032-0::100GBE-1 MSFT-ATBA-CH2A-SWAN-0033-0::100GBE-1 MSFT-ATBA-CH2A-ITAR-0034-0::100GBE-1 MSFT-ATBA-CH2A-ITAR-0035-0::100GBE-1 MSFT-ATBA-CH2A-ITAR-0036-0::100GBE-1 MSFT-ATBA-CH2A-ITAR-0037-0::100GBE-1 MSFT-BN6A-CY4B-ITAR-0005-0::100GBE-1 MSFT-BN6A-CY4B-ITAR-0006-0::100GBE-1 MSFT-BN6A-CY4B-ITAR-0007-0::100GBE-1 MSFT-BN6A-CY4B-ITAR-0008-0::100GBE-1 MSFT-BN6A-DM2B-ITAR-0001-0::100GBE-1 MSFT-BN6A-DM2B-ITAR-0002-0::100GBE-1 MSFT-BN6A-DM2B-ITAR-0003-0::100GBE-1 MSFT-BN6A-DM2B-ITAR-0004-0::100GBE-1 MSFT-ATBA-CH2A-MSCG-0002-0::100GBE-1 MSFT-ATBA-CH2A-MSCG-0004-0::100GBE-1 MSFT-ATBA-CH2A-MSCG-0020-0::100GBE-1 MSFT-ATBA-CH2A-MSCG-0021-0::100GBE-1 MSFT-ATBA-CH2A-MSCG-0022-0::100GBE-1 MSFT-ATBA-CH2A-MSCG-0023-0::100GBE-1 MSFT-ATBA-CH2A-MSCG-0024-0::100GBE-1 MSFT-ATBA-CH2A-MSCG-0025-0::100GBE-1 MSFT-ATBA-CH2A-MSCG-0026-0::100GBE-1 MSFT-ATBA-CH2A-MSCG-0027-0::100GBE-1 MSFT-ATBA-CH2A-MSCG-0028-0::100GBE-1 SLS-41111	MSFT-ATBA-CH2A-MSIT-0010-0::100GBE-1 MSFT-ATBA-CH2A-SWAN-0001-0::100GBE-1 MSFT-ATBA-CH2A-SWAN-0003-0::100GBE-1 MSFT-ATBA-CH2A-SWAN-0005-0::100GBE-1
20415064	13854870	13854870
26067545	142.250.47.142 142.250.47.143 2001:4860:1:1::17a8 2001:4860:1:1::17a9 142.250.160.12 142.250.160.13 2001:4860:1:1::183a 2001:4860:1:1::183b 74.125.118.178 74.125.118.179 2001:4860:1:1::2880 2001:4860:1:1::2881	-
17760858	MM-C-IKE-LND-IPC-A03145	MM-C-IKE-LND-IPC-A03145
17760859	104.44.6.162 104.44.6.163 2a01:111:2000:1::3091 2a01:111:2000:1::3092	AS6830
24707677	IPL004400 IPL004401	IPL004400, IPL004401 IPL004400, IPL004401 LL034478
17424997	17852409 17852417 20343984 21840225 21840218	17852409 17852417 20343984 21840225 21840218
24363640	142.250.47.22 2001:4860:1:1::1780 142.250.47.136 2001:4860:1:1::1782	
17007225	INT21890814/1 - 90	INT21890814/1
24363645	104.44.15.16 2a01:111:2000:1::2221	-
24650372	MN-C-RAC-LIS-IPL-100GE-A00121	MN-C-RAC-LIS-IPL-100GE-A00121
17007237	INT21890814/1 - 90	INT21890814/1
17490564	DOH-MAR/MICROSOFT/GCX-100G04 DOH-MAR/MICROSOFT/GCX-100G01	DOH-MAR/MICROSOFT/GCX-100G04-PW618350/PW618351, DOH-MAR/MICROSOFT/GCX-100G01 (PW 616113 / PW 616111 (QDC5)
16810647	500159517389 500177375094 500177375095 500177375096 500177394417 500177394418 500177394419 500201248579 500201248580 500201248581 500201248582 500215016907 500215016908 500215016909 500215016910 500215016978 500252477617 500252477618 500252559291 500252559292 500252559293 500252588303	500159517389 (LGU+ Anyang - KT Seobusan Center / 100 G) 500177375094 (SEL20 - PUS01/100 G) 500177375095 (SEL20 - PUS01/100 G) 500177375096 (SEL20 - PUS01/100 G) 500177394417 (SEL21 - PUS20/100 G) 500177394418 (PUS20 - SEL21/100 G) 500177394419 (PUS20 - SEL21/100 G) 500201248579 (PUS20 - SEL21/100 G) 500201248580 (PUS20 - SEL21/100 G) 500201248581 (PUS20 - SEL21/100 G) 500201248582 (PUS20 - SEL21/100 G) 500215016907 (Pyeongchon Mega Center - MS Busan Autonomous Center/100 G) 500215016908 (Pyeongchon Mega Center - MS Busan Autonomous Center/100 G) 500215016909 (Pyeongchon Mega Center - MS Busan Autonomous Center/100
24773274	MIC9041E	MIC9041E#30_100G
18088606	VLN2034798	VLN2034798
24208035	443948697 443948699 443948700 443948698	443948697, 443948699, 443948700, 443948698
25076392	MNDL01I MNDL02J	MNDL01I, MNDL02J
24208040	20790432-A 20124662 21441270-A 20673977-A 21389573-A 21391602-A	-
24920744	MN-C-RAC-LIS-IPL-100GE-A00121	MN-C-RAC-LIS-IPL-100GE-A00121
17490604	15169 8075	
19309237	14209360 14209371	14209360, 14209371
16990911	LON/NLD/WL-065728 LON/NLD/WL-065729 LON/NLD/WL-065730 LON/NLD/WL-065731 LON/NLD/WL-065732 LON/NLD/WL-065733 LON/NLD/WL-065734 LON/NLD/WL-065735 LON/NLD/WL-066381 LON/NLD/WL-066382 LON/NLD/WL-066385 LON/NLD/WL-066386 LON/NLD/WL-066387 LON/NLD/WL-066388 LON/NLD/WL-066389 LON/NLD/WL-066390 LON/NLD/WL-066391 LON/NLD/WL-066392 LON/NLD/WL-066393 LON/NLD/WL-066394 LON/NLD/WL-066395 LON/NLD/WL-066396 LON/NLD/WL-066397 LON/NLD/WL-066398 LON/NLD/WL-066399 LON/NLD/WL-066400 LON/NLD/WL-066401 LON/NLD/WL-066402 LON/NLD/WL-066403 LON/NLD/WL-066404 LON/NLD/WL-066416 LON/NLD/WL-066417 LON/NLD/WL-066418 LON/NLD/WL-066419 LON/NLD/WL-066420 LON/NLD/WL-066421 LON/NLD/WL-066422 LON/NLD/WL-066423 LON/NLD/WL-066424 LON/NLD/WL-066425 LON/NLD/WL-066426 LON/NLD/WL-066427 LON/NLD/WL-066428 LON/NLD/WL-066429 LON/NLD/WL-066430 LON/NLD/WL-066431 LON/NLD/WL-066432 LON/NLD/WL-066435 LON/NLD/WL-066436	-
20136639	1444057930 1444057931	
24339138	142.250.47.22 2001:4860:1:1::1780 142.250.47.136 2001:4860:1:1::1782	
25158342	1444054945 1444052801	
24568538	CRT-007322 CRT-007323 CRT-009612 CRT-009613 CRT-010257 CRT-010258 CRT-010259 CRT-010260	NAP/MSFT - EDGECONNEX/MSFT 100GB S001, NAP/MSFT - EDGECONNEX/MSFT 100GB S002, NAP/MSFT - EDGECONNEX/MSFT 100GB S003, NAP/MSFT - EDGECONNEX/MSFT 100GB S004, NAP/MSFT - EDGECONNEX/MSFT 100GB S007, NAP/MSFT - EDGECONNEX/MSFT 100GB S008, NAP/MSFT - EDGECONNEX/MSFT 100GB S009, NAP/MSFT - EDGECONNEX/MSFT 100GB S010
17015519	C35346-953 C35346-969 C35346-970 C35346-971 C35346-972 C35346-973	S00372640, C35346-953, Zaventem to Russelsheim, LH Wave, 100 Gbit/s S00372677, C35346-969, Zaventem to Russelsheim, LH Wave, 100 Gbit/s S00372678, C35346-970, Zaventem to Russelsheim, LH Wave, 100 Gbit/s S00372679, C35346-971, Zaventem to Russelsheim, LH Wave, 100 Gbit/s S00372680, C35346-972, Zaventem to Russelsheim, LH Wave, 100 Gbit/s S00372681, C35346-973, Zaventem to Russelsheim, LH Wave, 100 Gbit/s
17015521	441295876 441295875	441295876, 441295875
24568546	CRT-007322 CRT-007323 CRT-009612 CRT-009613 CRT-010257 CRT-010258 CRT-010259 CRT-010260	NAP/MSFT - EDGECONNEX/MSFT 100GB S001, NAP/MSFT - EDGECONNEX/MSFT 100GB S002, NAP/MSFT - EDGECONNEX/MSFT 100GB S003, NAP/MSFT - EDGECONNEX/MSFT 100GB S004, NAP/MSFT - EDGECONNEX/MSFT 100GB S007, NAP/MSFT - EDGECONNEX/MSFT 100GB S008, NAP/MSFT - EDGECONNEX/MSFT 100GB S009, NAP/MSFT - EDGECONNEX/MSFT 100GB S010
24126181	OQYX/167076//ZYO OQYX/167075//ZYO OQYX/167077//ZYO OQYX/167074//ZYO OGYX/268109//ZYO OGYX/282366//ZYO OQYX/252179//ZYO OQYX/282683//ZYO OQYX/282684//ZYO	OQYX/167076//ZYO OQYX/167075//ZYO OQYX/167077//ZYO OQYX/167074//ZYO OGYX/268109//ZYO OGYX/282366//ZYO OQYX/252179//ZYO OQYX/282683//ZYO OQYX/282684//ZYO OQYX/167076//ZYO OQYX/167075//ZYO OQYX/167077//ZYO OQYX/167074//ZYO OGYX/268109//ZYO OGYX/282366//ZYO OQYX/252179//ZYO OQYX/282683//ZYO OQYX/282
24126185	OQYX/167076//ZYO OQYX/167075//ZYO OQYX/167077//ZYO OQYX/167074//ZYO OGYX/268109//ZYO OGYX/282366//ZYO OQYX/252179//ZYO OQYX/282683//ZYO OQYX/282684//ZYO	OQYX/167076//ZYO OQYX/167075//ZYO OQYX/167077//ZYO OQYX/167074//ZYO OGYX/268109//ZYO OGYX/282366//ZYO OQYX/252179//ZYO OQYX/282683//ZYO OQYX/282684//ZYO OQYX/167076//ZYO OQYX/167075//ZYO OQYX/167077//ZYO OQYX/167074//ZYO OGYX/268109//ZYO OGYX/282366//ZYO OQYX/252179//ZYO OQYX/282683//ZYO OQYX/282
24486637	210.171.224.208 2001:de8:8::7511:1	AS7511
24126193	OQYX/167076//ZYO OQYX/167075//ZYO OQYX/167077//ZYO OQYX/167074//ZYO OGYX/268109//ZYO OGYX/282366//ZYO OQYX/252179//ZYO OQYX/282683//ZYO OQYX/282684//ZYO	OQYX/167076//ZYO OQYX/167075//ZYO OQYX/167077//ZYO OQYX/167074//ZYO OGYX/268109//ZYO OGYX/282366//ZYO OQYX/252179//ZYO OQYX/282683//ZYO OQYX/282684//ZYO OQYX/167076//ZYO OQYX/167075//ZYO OQYX/167077//ZYO OQYX/167074//ZYO OGYX/268109//ZYO OGYX/282366//ZYO OQYX/252179//ZYO OQYX/282683//ZYO OQYX/282
24912632	MIC9041E#30_100G	MIC9041E#30_100G
16990971	LON/NLD/WL-065736 LON/NLD/WL-065737 LON/NLD/WL-065738 LON/NLD/WL-065739 LON/NLD/WL-065880 LON/NLD/WL-065881 LON/NLD/WL-065882 LON/NLD/WL-065883 LON/NLD/WL-065910 LON/NLD/WL-065911 LON/NLD/WL-065912 LON/NLD/WL-065913 LON/NLD/WL-065914 LON/NLD/WL-065915 LON/NLD/WL-065916 LON/NLD/WL-065917 LON/NLD/WL-065918 LON/NLD/WL-065919 LON/NLD/WL-065920 LON/NLD/WL-065921 LON/NLD/WL-065922 LON/NLD/WL-065923 LON/NLD/WL-065924 LON/NLD/WL-065925 LON/NLD/WL-065926 LON/NLD/WL-065927 LON/NLD/WL-065928 LON/NLD/WL-065929 LON/NLD/WL-065930 LON/NLD/WL-065931 LON/NLD/WL-065932 LON/NLD/WL-065933 LON/NLD/WL-065934 LON/NLD/WL-065935 LON/NLD/WL-065936 LON/NLD/WL-065937 LON/NLD/WL-065938 LON/NLD/WL-065939 LON/NLD/WL-065940 LON/NLD/WL-065941 LON/NLD/WL-066384	-
24101633	AUC-SYD_NP256 INTD	AUC-SYD_NP256 INTD
24437508	IE1042623063 IE1033099018 IE1042622373 IE1039258367	IE1042623063,IE1033099018,IE1042622373,IE1039258367
24568581	BKK/CAT-SNG 100G2843ET BKK/CAT-SNG 100G2844ET	BKK/CAT-SNG 100G2843ET BKK/CAT-SNG 100G2844ET
21054213	IPL004400	IPL004400
17449737	027JOHA361011174454 027JOHA361011174725 027JOHA361011174717 027JOHA361011174721 027JOHA361011174705 027JOHA361011174446 027JOHA361011174512 027JOHA361011174462 027JOHA361011174484 027JOHA361011174476 027JOHA361011174466 027JOHA361011174492	027JOHA361011174454 027JOHA361011174725 027JOHA361011174717 027JOHA361011174721 027JOHA361011174705 027JOHA361011174446 027JOHA361011174512 027JOHA361011174462 027JOHA361011174484 027JOHA361011174476 027JOHA361011174466 027JOHA361011174492 027JOHA361011174454 027JOHA361011174725 027JOHA361011174717 027JOHA361011174721 027JOHA361011174705 027JOHA361011174446 027JOHA361011174512 027JOHA361011174462 027JOHA361011174484 027JOHA361011174476 027JOHA361011174466 027JOHA361
25215756	72.14.222.84 72.14.222.85 2001:4860:1:1::1116 2001:4860:1:1::1117	-
25346829	IBR02.PNQ01 ibr02.pnq20	091PUNE1258037286592 091PUNE1258037286611
17449743	IC-366815	IC-366815 (TRIM.20210210.07)
21054225	IPL004400	IPL004400
24380180	74.125.118.108 2001:4860:1:1::1668	-
17449753	MN-C-RAC-LIS-IPL-100GE-A00121	MN-C-RAC-LIS-IPL-100GE-A00121
24568604	HKG SCA EPL 9470108	HKG SCA EPL 9470108
17449758	MN-C-RAC-LIS-IPL-100GE-A00121	MN-C-RAC-LIS-IPL-100GE-A00121
17867554	MM-C-IKE-LND-IPC-A03145	MM-C-IKE-LND-IPC-A03145
24101675	INT21890814/1 - 90	INT21890814/1
17670956	WL079439 WL074833 WL074832 WL079438 WL085769 WL085768 WL085767 WL085766 WL085765 WL085764 WL085763 WL085762 WL085761 WL085750	msn34730a.100ge*fra-ist /comment: unprotected (SupplierId:WL079439 ) msn33633a.100ge*fra-ist /comment: unprotected (SupplierId:WL074833 ) msn33632a.100ge*fra-ist /comment: unprotected (SupplierId:WL074832 ) msn34729a.100ge*fra-ist /comment: unprotected (SupplierId:WL079438 ) msn35843a.100ge*fra-ist /comment: unprotected (SupplierId:WL085769 ) msn35842a.100ge*fra-ist /comment: unprotected (SupplierId:WL085768 ) msn35841a.100ge*fra-ist /comment: unprotected (SupplierId:WL085767 ) msn35840a.100ge*fra-ist /comment: unprotected (SupplierId:WL085766 ) msn35839a.100ge*fra-ist /comment: unprotected (SupplierId:WL085765 ) msn35838a.100ge*fra-ist /comment: unprotected (SupplierId
24404783	104.44.196.80 2a01:111:2000:1::27e1 104.44.196.58 2a01:111:2000:1::27b1	-
25371440	T200000054 T200000055 T200000056 T200000057 T200000058 T200000059 T200000981 T200000982 T200000983 T200000984 T200000985 T200000986	T200000054 T200000055 T200000056 T200000057 T200000058 T200000059 T200000981 T200000982 T200000983 T200000984 T200000985 T200000986
24101681	INT21890814/1 - 90	INT21890814/1
17449777	442553404 442138497 442138486 442553405 442271562 442271560 BCXR6655 440687861 441225922 BCXR6656	442553404 442138497 442138486 442553405 442271562 442271560 BCXR6655 440687861 441225922 BCXR6656
17449780	INT21890814/1 - 90	INT21890814/1
17449782	OQYX/283655//ZYO OQYX/283657//ZYO OQYX/268481//ZYO OQYX/268480//ZYO	OQYX/283655//ZYO OQYX/283657//ZYO OQYX/268481//ZYO OQYX/268480//ZYO
24527671	IE1050086349 IE1072879120 IE1072876090 IE1072860061 IE1072855778 IE1072877490 IE1072853135 IE1032150332 IE1072875331 IE1049060060 IE1032150256 IE1072858485 IE1049058912 IE1050085145	IE1050086349,IE1072879120,IE1072876090,IE1072860061,IE1072855778,IE1072877490,IE1072853135,IE1032150332,IE1072875331,IE1049060060,IE1032150256,IE1072858485,IE1049058912,IE1050085145
17449788	442067423 BCXR6656 440687861 441225922 442553405 BCXR6655 442247056 442553404 442138486 442138497	442067423, BCXR6656, 440687861, 441225922, 442553405, BCXR6655, 442247056, 442138486, 442138497 442067423, BCXR6656, 440687861, 441225922, 442553405, BCXR6655, 442247056, 442138486, 442138497
17670982	442156856 442714882 442714881 442714880	442156856 442714882 442714881 442714880 442156856 442714882 442714881
17163080	JIOGIPLMUMSIN0224	JIOGIPLMUMSIN0224 / SO6084822091
24871754	CRT-007324 CRT-007325 CRT-007326 CRT-007327 CRT-009825 CRT-009826 CRT-009827 CRT-009828 CRT-010253 CRT-010254 CRT-010255 CRT-010256	SP2/MSFT - EDGECONNEX/MSFT 100GB S001 SP2/MSFT - EDGECONNEX/MSFT 100GB S002 SP2/MSFT - EDGECONNEX/MSFT 100GB S003 SP2/MSFT - EDGECONNEX/MSFT 100GB S004 SP2/MSFT - EDGECONNEX/MSFT 100GB S005 SP2/MSFT - EDGECONNEX/MSFT 100GB S006 SP2/MSFT - EDGECONNEX/MSFT 100GB S007 SP2/MSFT - EDGECONNEX/MSFT 100GB S008 SP2/MSFT - EDGECONNEX/MSFT 100GB S009 SP2/MSFT - EDGECONNEX/MSFT 100GB S010 SP2/MSFT - EDGECONNEX/MSFT 100GB S011 SP2/MSFT - EDGECONNEX/MSFT 100GB S012
24298325	MSFT-BL7C-BLUC-MSIT-0008-0::100GBE-1 MSFT-BL7C-BLUC-MSIT-0009-0::100GBE-1 MSFT-BL7C-BLUC-MSIT-0010-0::100GBE-1 MSFT-BL20-BLUC-MSIT-0080-0::100GBE-1 MSFT-BL20-BLUC-MSIT-0081-0::100GBE-1 MSFT-BL20-BLUC-MSIT-0082-0::100GBE-1 MSFT-BL20-BL7C-MSAZ-0152-0::100GBE-1 MSFT-BL20-BL7C-SWAN-0237-0::100GBE-1 MSFT-BL20-BL7C-SWAN-0238-0::100GBE-1 MSFT-BL20-BL7C-SWAN-0239-0::100GBE-1 MSFT-BL20-BL7C-SWAN-0240-0::100GBE-1 MSFT-BL4C-BL7C-MSCG-0085-0::100GBE-1 MSFT-BL4C-BL7C-MSCG-0086-0::100GBE-1 MSFT-BL4C-BL7C-MSCG-0087-0::100GBE-1 MSFT-BL4C-BL7C-MSCG-0088-0::100GBE-1 MSFT-BL7C-BLUC-MSCG-0002-0::100GBE-1 MSFT-BL7C-BLUC-MSCG-0003-0::100GBE-1 MSFT-BL7C-BLUC-MSCG-0004-0::100GBE-1 MSFT-BL7C-BLUC-MSCG-0005-0::100GBE-1 MSFT-BL7C-BLUC-MSCG-0006-0::100GBE-1 MSFT-BL7C-BLUC-MSCG-0007-0::100GBE-1 MSFT-BL20-BLUC-MSCG-0074-0::100GBE-1 MSFT-BL20-BLUC-MSCG-0075-0::100GBE-1 MSFT-BL20-BLUC-MSCG-0076-0::100GBE-1 MSFT-BL20-BLUC-MSCG-0077-0::100GBE-1 MSFT-BL20-BLUC-MSCG-0078-0::100GBE-1 MSFT-BL20-BLUC-MSCG-0079-0::100GBE-1 SLS-223 SLS-115 SLS-216 SLS-222	MSFT-BL7C-BLUC-MSIT-0008-0::100GBE-1 MSFT-BL7C-BLUC-MSIT-0009-0::100GBE-1 MSFT-BL7C-BLUC-MSIT-0010-0::100GBE-1 MSFT-BL20-BLUC-MSIT-0080-0::100GBE-1 MSFT-BL20-BLUC-MSIT-0081-0::100GBE-1 MSFT-BL20-BLUC-MSIT-0082-0::100GBE-1 MSFT-BL20-BL7C-MSAZ-0152-0::100GBE-1 MSFT-BL20-BL7C-SWAN-0237-0::100GBE-1 MSFT-BL20-BL7C-SWAN-0238-0::100GBE-1 MSFT-BL20-BL7C-SWAN-0239-0::100GBE-
21635926	MN-C-RAC-LIS-IPL-100GE-A00121	MN-C-RAC-LIS-IPL-100GE-A00121
21635947	MN-C-RAC-LIS-IPL-100GE-A00121	MN-C-RAC-LIS-IPL-100GE-A00121
18408304	1444054964	
24134514	12823311	12823311
24101750	14211010	14211010
26141561	142.250.47.142 142.250.47.143 2001:4860:1:1::17a8 2001:4860:1:1::17a9 142.250.160.12 142.250.160.13 2001:4860:1:1::183a 2001:4860:1:1::183b 74.125.118.178 74.125.118.179 2001:4860:1:1::2880 2001:4860:1:1::2881	-
17957753	WL078188 WL078187 WL078185 WL070318 WL070317 WL078186	msn34074a.100ge*vie-sof /comment: unprotected (SupplierId:WL078188 ) msn34073a.100ge*vie-sof /comment: unprotected (SupplierId:WL078187 ) msn34072a.100ge*vie-sof /comment: unprotected (SupplierId:WL078186 ) msn34071a.100ge*vie-sof /comment: unprotected (SupplierId:WL078185 ) msn32128a.100ge*vie-sof /comment: unprotected (SupplierId:WL070318 ) msn32127a.100ge*vie-sof /comment: unprotected (SupplierId:WL070317 )
24101761	14211010	14211010
25232262	IPLC-20-12610 IPLC-20-12609 IPLC-20-12668 IPLC-20-12669 IPLC-22-15394	IPLC-20-12610 & IPLC-20-12609 & IPLC-20-12668 & IPLC-20-12669 & IPLC-22-15394
25191303	MICRSI/WAVE/U/121496 MICRSI/WAVE/U/121503 MICRSI/WAVE/U/121502	MICRSI/WAVE/U/121496 MICRSI/WAVE/U/121503 MICRSI/WAVE/U/121502
19973002	72.14.194.12 72.14.194.13	
25215883	MSO-BC0677 MSO-BC0671	MSO-BC0677, MSO-BC0671
19973004	MIC9041E#30_100G	MIC9041E#30_100G
25084811	TIS-00000078761 ATHENS/WED-MARSEILLE/WED NP 0001	ATHENS/WED-MARSEILLE/WED NP 0001
19973006	TS-0001022098 - GRABOGTM1 - TenGigE0/2/0/14 - IPv4 ITS-0001022098 - GRABOGTM1 - TenGigE0/2/0/15 - IPv4 ITS-0001022098 - GRABOGTM1 - TenGigE0/2/0/14 - IPv6 ITS-0001022098 - GRABOGTM1 - TenGigE0/2/0/15 - IPv6 ITS-0001022098 - GRABOGTM1 - ae25 - IPv4 ITS-0001022098 - GRABOGTM1 - ae25 - IPv6 ITS-0001022098 - GRTBOGTM1 - TenGigE0/0/0/35/0 - IPv4 ITS-0001022098 - GRTBOGTM1 - TenGigE0/1/0/35/0 - IPv4 ITS-0001022098 - GRTBOGTM1 - ae25 - IPv4 ITS-0001022098 - GRTBOGTM1 - TenGigE0/0/0/35/0 - IPv6 ITS-0001022098 - GRTBOGTM1 - TenGigE0/1/0/35/0 - IPv6 ITS-0001022098 - GRTBOGTM1 - ae25 - IPv6 ITS-0001022097 - GRABOGTM1 - TenGigE0/3/0/18 - IPv4 ITS-0001022097 - GRABOGTM1 - TenGigE0/3/0/19 - IPv4 ITS-0001022097 - GRABOGTM1 - TenGigE0/3/0/18 - IPv6 ITS-0001022097 - GRABOGTM1 - TenGigE0/3/0/19 - IPv6 ITS-0001022097 - GRABOGTM1 - ae35 - IPv4 ITS-0001022097 - GRABOGTM1 - ae35 - IPv6 ITS-0001022097 - GRTBOGTM1 - TenGigE0/0/0/26/0 - IPv4 ITS-0001022097 - GRTBOGTM1 - TenGigE0/1/0/26/0 - IPv4 ITS-0001022097 - GRTBOGTM1 - ae35 - IPv4 ITS-0001022097 - GRTBOGTM1 - TenGigE0/0/0/26/0 - IPv6 ITS-0001022097 - GRTBOGTM1 - TenGigE0/1/0/26/0 - IPv6 ITS-0001022097 - GRTBOGTM1 - ae35 - IPv6	ITS-0001022098 - GRABOGTM1 - TenGigE0/2/0/14 - IPv4 ITS-0001022098 - GRABOGTM1 - TenGigE0/2/0/15 - IPv4 ITS-0001022098 - GRABOGTM1 - TenGigE0/2/0/14 - IPv6 ITS-0001022098 - GRABOGTM1 - TenGigE0/2/0/15 - IPv6 ITS-0001022098 - GRABOGTM1 - ae25 - IPv4 ITS-0001022098 - GRABOGTM1 - ae25 - IPv6 ITS-0001022098 - GRTBOGTM1 - TenGigE0/0/0/35/0 - IPv4 ITS-0001022098 - GRTBOGTM1 - TenGigE0/1/0/35/0 - IPv4 ITS-0001022098 - GRTBOGTM1 - ae25 - IPv4 ITS-000
24101775	2001:4860:1:1::ff2 72.14.194.12 2001:4860:1:1::ff3 72.14.194.13	-
22471570	TI-2200182-01 TI-2200182-02	TI-2200182-01 and TI-2200182-02
25158556	500175284003 500175284004	500175284003, 500175284004
19211167	14210994 14211005 14211006 14211008 14211010 14211011 14211009 14211007	14210994,14211005,14211006,14211008,14211010,14211011,14211009,14211007
25928610	198.200.130.129 198.200.130.128 2a01:111:2000:1::c7a 2a01:111:2000:1::c79 104.44.14.106 104.44.14.107 2a01:111:2000:1::20d5 2a01:111:2000:1::20d6	-
21619624	22422761 22155965-A	116771 EQIX-EXR02-HKB-SEC-02272023 ZOOM_HKG_AER-4-1 642090-HK5-CX-SEC-01 632528-HK1-CX-SEC-01 632528-HK4-CX-SEC-01 539676-HK2-CX-SEC-01 636048-HK2-CX-SEC-02 583907-HK4-CX-SEC-01 632768-HK1-CX-SEC-04 632768-HK1-CX-SEC-02 632768-HK1-CX-SEC-01 632768-HK1-CX-SEC-03 116769-HK1-CX-SEC-01 EQIX-EXR02-HKG30-SEC-06032022 632528-HK4-CX-SEC-02 136445-HK3-CX-SEC-01
25928622	104.44.44.206 104.44.44.207 2a01:111:2000:1::32e5 2a01:111:2000:1::32e6	-
17400753	PW618352/PW618353	DOH-MAR1/MICROSOFT/AAE1-100G06-PW618352/PW618353
17933235	05KJXS802762-074BLCA-000 05KJXS802762-075BLCA-000	05KJXS802762-074BLCA-000, 05KJXS802762-075BLCA-000
17933238	MN-C-RAC-LIS-IPL-100GE-A00121	MN-C-RAC-LIS-IPL-100GE-A00121
17400763	PW618352/PW618353	DOH-MAR1/MICROSOFT/AAE1-100G06-PW618352/PW618353
25207741	BY4_PDX31_41103_01xomt_1/1/1_AOCH_19175625 BY4_PDX31_41103_01xomt_1/1/2_AOCH_19183125 BY4_PDX31_41103_01xomt_1/3/1_AOCH_19190625 BY4_PDX31_41103_01xomt_1/3/2_AOCH_19198125 BY4_PDX31_41103_02xomt_1/1/1_AOCH_19205625 BY4_PDX31_41103_02xomt_1/1/2_AOCH_19213125 BY4_PDX31_41103_02xomt_1/3/1_AOCH_19220625 BY4_PDX31_41103_02xomt_1/3/2_AOCH_19228125 BY4_PDX31_41103_03xomt_1/1/1_AOCH_19235625 BY4_PDX31_41103_03xomt_1/1/2_AOCH_19243125 BY4_PDX31_41103_03xomt_1/3/1_AOCH_19250625 BY4_PDX31_41103_03xomt_1/3/2_AOCH_19258125 BY4_PDX31_41103_04xomt_1/1/1_AOCH_19266875 BY4_PDX31_41103_04xomt_1/1/2_AOCH_19274375 BY4_PDX31_41103_04xomt_1/3/1_AOCH_19281875 BY4_PDX31_41103_04xomt_1/3/2_AOCH_19289375 BY4_PDX31_41103_05xomt_1/1/1_AOCH_19296875 BY4_PDX31_41103_05xomt_1/1/2_AOCH_19304375 BY4_PDX31_41103_05xomt_1/3/1_AOCH_19311875 BY4_PDX31_41103_05xomt_1/3/2_AOCH_19319375 BY4_PDX31_41103_06xomt_1/1/1_AOCH_19326875 BY4_PDX31_41103_06xomt_1/1/2_AOCH_19334375 BY4_PDX31_41103_06xomt_1/3/1_AOCH_19341875 BY4_PDX31_41103_06xomt_1/3/2_AOCH_19349375 BY4_PDX31_41103_07xomt_1/1/1_AOCH_19358125 BY4_PDX31_41103_07xomt_1/1/2_AOCH_19365625 BY4_PDX31_41103_07xomt_1/3/1_AOCH_19373125 BY4_PDX31_41103_07xomt_1/3/2_AOCH_19380625 BY4_PDX31_41103_08xomt_1/1/1_AOCH_19388125 BY4_PDX31_41103_08xomt_1/1/2_AOCH_19395625 BY4_PDX31_41103_08xomt_1/3/1_AOCH_19403125 BY4_PDX31_41103_08xomt_1/3/2_AOCH_19410625 BY4_PDX31_41103_09xomt_1/1/1_AOCH_19418125 BY4_PDX31_41103_09xomt_1/1/2_AOCH_19425625 BY4_PDX31_41103_09xomt_1/3/1_AOCH_19433125 BY4_PDX31_41103_09xomt_1/3/2_AOCH_19440625 BY4_PDX31_41103_10xomt_1/1/1_AOCH_19449375 BY4_PDX31_41103_10xomt_1/1/2_AOCH_19456875 BY4_PDX31_41103_10xomt_1/3/1_AOCH_19464375 BY4_PDX31_41103_10xomt_1/3/2_AOCH_19471875 BY4_PDX31_41103_11xomt_1/1/1_AOCH_19479375 BY4_PDX31_41103_11xomt_1/1/2_AOCH_19486875 BY4_PDX31_41103_11xomt_1/3/1_AOCH_19494375 BY4_PDX31_41103_11xomt_1/3/2_AOCH_19501875 BY4_PDX31_41103_12xomt_1/1/1_AOCH_19509375 BY4_PDX31_41103_12xomt_1/1/2_AOCH_19516875 BY4_PDX31_41103_12xomt_1/3/1_AOCH_19524375 BY4_PDX31_41103_12xomt_1/3/2_AOCH_19531875 BY4_PDX31_41103_13xomt_1/1/1_AOCH_19540625 BY4_PDX31_41103_13xomt_1/1/2_AOCH_19548125 BY4_PDX31_41103_13xomt_1/3/1_AOCH_19555625 BY4_PDX31_41103_13xomt_1/3/2_AOCH_19563125 BY4_PDX31_41103_14xomt_1/1/1_AOCH_19570625 BY4_PDX31_41103_14xomt_1/1/2_AOCH_19578125 BY4_PDX31_41103_14xomt_1/3/1_AOCH_19585625 BY4_PDX31_41103_MS1738_1/1/1_AOCH_19592375 SLS-41103	BY4_PDX31_41103_01xomt_1/1/1_AOCH_19175625 BY4_PDX31_41103_01xomt_1/1/2_AOCH_19183125 BY4_PDX31_41103_01xomt_1/3/1_AOCH_19190625 BY4_PDX31_41103_01xomt_1/3/2_AOCH_19198125 BY4_PDX31_41103_02xomt_1/1/1_AOCH_19205625 BY4_PDX31_41103_02xomt_1/1/2_AOCH_19213125 BY4_PDX31_41103_02xomt_1/3/1_AOCH_19220625 BY4_PDX31_41103_02xomt_1/3/2_AOCH_19228125 BY4_PDX31_41103_03xomt_1/1/1
24159170	14209360 14209371 12719838 12719839	14209360, 14209371, 12719838, 12719839
24765380	12719839 12719838	JDC/MICROSOFT-FJN/EMIX/PRG/RA 10GBES04 (M) - 1444057933
25535434	GTT/002105687	GTT/002105687
24159187	104.44.196.80 2a01:111:2000:1::27e1 104.44.196.58 2a01:111:2000:1::27b1	-
24798167	WL079712	msn34964a.100ge*fra-ist
17581037	05KGXS802762-003BLCA-000 05KGXS802762-005BLCA-000 05KGXS802762-007BLCA-000 05KJXS802762-049BLCA-000 05KJXS802762-050BLCA-000 05KJXS802762-053BLCA-000 05KJXS802762-054BLCA-000	05KGXS802762-003BLCA-000 05KGXS802762-005BLCA-000 05KGXS802762-007BLCA-000 05KJXS802762-049BLCA-000 05KJXS802762-050BLCA-000 05KJXS802762-053BLCA-000 05KJXS802762-054BLCA-000
17581045	JDC/MICROSOFT-FJN/EMIX/PRG/RA 10GBES03 JDC/MICROSOFT-FJN/EMIX/PRG/RA 10GBES04 JDC/MICROSOFT-KHI/PTCL/AAE1 10GE02 AUH/MS/IMEWE-MAR/MRS1/Interxion 100GBES03 AUH/MS/IMEWE-MAR/MRS1/Interxion 100GBES04 FUJ/MAR/100GBE/010/M	JDC/MICROSOFT-FJN/EMIX/PRG/RA 10GBES03 (M) - 1444057932 JDC/MICROSOFT-FJN/EMIX/PRG/RA 10GBES04 (M) - 1444057933 JDC/MICROSOFT-KHI/PTCL/AAE1 10GE02 AUH/MS/IMEWE-MAR/MRS1/Interxion 100GBES03 AUH/MS/IMEWE-MAR/MRS1/Interxion 100GBES04 2023-11-07 00:00
25019385	MSL/ST-SNG 100G3097ET	MSL/ST-SNG 100G3097ET
18154491	Wavelength/01592810 GTT/002078615 GTT/002078616 GTT/002078617 GTT/002109808 GTT/002109835 GTT/002109837 GTT/002109839	MICRSI/WAVE/U/100614, MICRSI/WAVE/U/100631, MICRSI/WAVE/U/100632, MICRSI/WAVE/U/100633, MICRSI/WAVE/U/121504, MICRSI/WAVE/U/121509, MICRSI/WAVE/U/121510, MICRSI/WAVE/U/121511
24945659	IPL004338	IPL004338
24437757	HKG/STHK-SNG 100G0025EM	HKG/STHK-SNG 100G0025EM HKG/STHK-SNG 100G0025EM HKG/STHK-SNG 100G0025EM
24101884	T200000060 T200000061 T200000062 T200000063 T200000064 T200000065	T200000060 T200000061 T200000062 T200000063 T200000064 T200000065
24437759	HKG/STHK-SNG 100G0025EM	HKG/STHK-SNG 100G0025EM HKG/STHK-SNG 100G0025EM HKG/STHK-SNG 100G0025EM
25232390	442224867 442224865	442224867 442224865
24249365	MIC9041E#30_100G	00344650
24249367	MIC9041E#30_100G	MIC9041E#30_100G
24306713	SR211308 / SNG(PCG)-MSL(PCG) EP7111 / SR211309 / MSL(PCG)-SNG(PCG) EP7112 / SR215090 / SNG(PCG)-MSL(PCG) EP7114 /	SR211308 / SNG(PCG)-MSL(PCG) EP7111 / SR211309 / MSL(PCG)-SNG(PCG) EP7112 / SR215090 / SNG(PCG)-MSL(PCG) EP7114 /
18342939	72.14.208.174 72.14.208.175 2001:4860:1:1::1338 2001:4860:1:1::1339	-
22717469	210.173.176.151	AS23628
17581087	JDC/MICROSOFT-FJN/EMIX/PRG/RA 10GBES03 JDC/MICROSOFT-FJN/EMIX/PRG/RA 10GBES04 JDC/MICROSOFT-KHI/PTCL/AAE1 10GE02 AUH/MS/IMEWE-MAR/MRS1/Interxion 100GBES03 AUH/MS/IMEWE-MAR/MRS1/Interxion 100GBES04 FUJ/MAR/100GBE/010/M	JDC/MICROSOFT-FJN/EMIX/PRG/RA 10GBES03 (M) - 1444057932 JDC/MICROSOFT-FJN/EMIX/PRG/RA 10GBES04 (M) - 1444057933 JDC/MICROSOFT-KHI/PTCL/AAE1 10GE02 AUH/MS/IMEWE-MAR/MRS1/Interxion 100GBES03 AUH/MS/IMEWE-MAR/MRS1/Interxion 100GBES04 2023-11-07 00:00
24306727	SR164498 / SNG(PCG)-MSL(PCG) EP6000 / SR164499 / MSL(PCG)-SNG(PCG) EP6001 /	SR164498 / SNG(PCG)-MSL(PCG) EP6000 /, SR164499 / MSL(PCG)-SNG(PCG) EP6001 /
17450026	027JOHA292013677984 027CAPE292014221327 027CAPE292014221322 027CAPE292014221317 027CAPE292014221332 027MIDR292013956867 027CAPE292014066895 027CAPE292014066903 027MIDR292014077306	027JOHA292013677984 027CAPE292014221327 027CAPE292014221322 027CAPE292014221317 027CAPE292014221332 027MIDR292013956867 027CAPE292014066895 027CAPE292014066903 027MIDR292014077306
16860203	SO6084822091 JIOGIPLMUMSIN0224	-
19997742	SR147407 / HKG(PCG)-OAS(PCG) EP5384 /	SR147407 / HKG(PCG)-OAS(PCG) EP5384
17286197	MIC9041E#30_100G	MIC9041E#30_100G
24511542	MIC9041E#30_100G	MIC9041E#30_100G
17187899	13854902	13854902
25289794	IPLC-20-12610 IPLC-20-12609 IPLC-20-12668 IPLC-20-12669 IPLC-22-15394 IPLC-20-12472 IPLC-20-12471 IPLC-20-12059 IPLC-20-12241	IPLC-20-12610 & IPLC-20-12609 & IPLC-20-12668 & IPLC-20-12669 &IPLC-22-15394 & IPLC-20-12472 &IPLC-20-12471&IPLC-20-12059&IPLC-20-12241
17818693	027MIDR292013677915 027CAPE292014221287 027CAPE292014221297 027CAPE292014221307 027CAPE292014221292 027CAPE292014221302 027CAPE292014221312 027MIDR292013956863 027CAPE292014066891 027CAPE292014066899 027MIDR292014077302	027MIDR292013677915, 027CAPE292014221287, 027CAPE292014221297, 027CAPE292014221307, 027CAPE292014221292, 027CAPE292014221302, 027CAPE292014221312, 027MIDR292013956863, 027CAPE292014066891, 027CAPE292014066899, 027MIDR292014077302
25207878	LAX SYD EPL 9932644 LAX SYD EPL 9253854 LAX SYD EPL 9696335 LAX SYD EPL 9441534 LAX SYD EPL 90022024	LAX SYD EPL 9932644 SYD/SYDP/TELSTRA/AUS - LAX/1WLT/TELSTRA/USA 100GIGE BASE EPL 9932644 LAX SYD EPL 9253854 SYD/SYDP/TELSTRA/AUS - LAX/1WLT/TELSTRA/USA 100GIGE BASE EPL 9253854 LAX SYD EPL 9696335 SYD/SYDP/TELSTRA/AUS - LAX/1WLT/TELSTRA/USA 100GIGE BASE EPL 9696335 LAX SYD EPL 9441534 SYD/SYDP/TELSTRA/AUS - LAX/1WLT/TELSTRA/USA 100GIGE BASE EPL 9441534 LAX SYD EPL 90022024
17818695	n	
21668936	MEL GIP 9486876	MEL GIP 9486876
21668938	IC-310363 IC-311071 IC-311072 IC-311070 IC-310361 IC-131528 IC-311069 IC-311073	IC-310363, IC-311071, IC-311072, IC-311070, IC-310361, IC-131528, IC-311069, IC-311073
24372299	17993100G01 17993100G08 12550100G01 12550100G04 14147100G01 14147100G04 19534100G01 19534100G02	17993100G01 to 17993100G08, 12550100G01 to 12550100G04, 14147100G01 to 14147100G04, 19534100G01 to 19534100G02
21636181	CA-MU-C170-0034 CA-MU-C170-0035 CA-MU-C170-0036	CA-MU-C170-0034, CA-MU-C170-0035, CA-MU-C170-0036
17589338	CRT-005318 CRT-005319 CRT-005320 CRT-006004 CRT-006005 CRT-007324 CRT-007325 CRT-009825 CRT-009826 CRT-009827 CRT-009828	RIO /EQU SAOPAULO/MSFT 100GB S004 RIO /EQU SAOPAULO/MSFT 100GB S005 RIO /EQU SAOPAULO/MSFT 100GB S006 NAP/MICROSOFT SP2/MICROSOFT 100GB S001 NAP/MICROSOFT - SP2/MICROSOFT 100GB S002 SP2/MSFT - EDGECONNEX/MSFT 100GB S001 SP2/MSFT - EDGECONNEX/MSFT 100GB S002 SP2/MSFT - EDGECONNEX/MSFT 100GB S005 SP2/MSFT - EDGECONNEX/MSFT 100GB S006 SP2/MSFT - EDGECONNEX/MSFT 100GB S007 SP2/MSFT - EDGECONNEX/MSFT 100GB S008
24503389	CA-MU-C208-0013	CA-MU-C208-0013
24945761	IPL004338 IPL004489	IPL004338, IPL004489
21636199	CA-MU-C170-0034 CA-MU-C170-0035 CA-MU-C170-0036	CA-MU-C170-0034, CA-MU-C170-0035, CA-MU-C170-0036
22217836	WL074836 WL074837	msn33648b.100ge*fra-ist /comment: (SupplierId:WL074836 ) msn33649b.100ge*fra-ist /comment: (SupplierId:WL074837 )
21668979	VLE_EXT_01_MUM-GPX2_2_CHN-STT_AMB_1_P_000349 VLE_EXT_01_MUM-GPX2_2_CHN-STT_AMB_1_P_000350 VLE_EXT_01_MUM-GPX2_2_CHN-STT_AMB_1_P_000351 VLE_EXT_01_MUM-GPX2_2_CHN-STT_AMB_1_P_000352 VLE_EXT_01_MUM-GPX2_2_CHN-STT_AMB_1_P_000353 VLE_EXT_01_MUM-GPX2_2_CHN-STT_AMB_1_P_000354 VLE_EXT_01_MUM-GPX2_2_CHN-STT_AMB_1_P_000355 VLE_EXT_01_MUM-GPX2_2_CHN-STT_AMB_1_P_000356 VLE_EXT_01_MUM-GPX2_2_CHN-STT_AMB_1_P_000357 VLE_EXT_01_MUM-GPX2_2_CHN-STT_AMB_1_P_000358 VLE_EXT_01_MUM-GPX2_2_CHN-STT_AMB_1_P_000359 VLE_EXT_01_MUM-GPX2_2_CHN-STT_AMB_1_P_000360	VLE_EXT_01_MUM-GPX2_2_CHN-STT_AMB_1_P_000349 VLE_EXT_01_MUM-GPX2_2_CHN-STT_AMB_1_P_000350 VLE_EXT_01_MUM-GPX2_2_CHN-STT_AMB_1_P_000351 VLE_EXT_01_MUM-GPX2_2_CHN-STT_AMB_1_P_000352 VLE_EXT_01_MUM-GPX2_2_CHN-STT_AMB_1_P_000353 VLE_EXT_01_MUM-GPX2_2_CHN-STT_AMB_1_P_000354 VLE_EXT_01_MUM-GPX2_2_CHN-STT_AMB_1_P_000355 VLE_EXT_01_MUM-GPX2_2_CHN-STT_AMB_1_P_000356 VLE_EXT_01_MUM-GPX2_2_CHN-STT_AMB_1_P_000357 VLE_EXT_01_MUM-GPX2
25232515	1444052801 1444054945 1444054964 1444054967	
17187984	SV2 SV5	
25232532	1444073320 1444073323	
25289878	BCYZ3889 444010524	BCYZ3889 444010524
22955159	IE1042623878 IE1042623732	IE1042623878,IE1042623732
24372376	210.173.176.165	AS18274
17581214	500215016907 (Pyeongchon Mega Center - MS Busan Autonomous Center/100 G) 500215016908 (Pyeongchon Mega Center - MS Busan Autonomous Center/100 G) 500215016909 (Pyeongchon Mega Center - MS Busan Autonomous Center/100 G) 500215016910 (Pyeongchon Mega Center - MS Busan Autonomous Center/100 G) 500215016978 (KT MOK-DONG2 - LG CNS Mieum/100 G) 500252559291 (LGUPLUS - MS Busan Center /100 G) 500252559292 (LGUPLUS - MS Busan Center /100 G) 500252559293 (LGUPLUS - MS Busan Center /100 G) 500252588303 (LGUPLUS - MS Busan Center /100 G	500215016907 (Pyeongchon Mega Center - MS Busan Autonomous Center/100 G) 500215016908 (Pyeongchon Mega Center - MS Busan Autonomous Center/100 G) 500215016909 (Pyeongchon Mega Center - MS Busan Autonomous Center/100 G) 500215016910 (Pyeongchon Mega Center - MS Busan Autonomous Center/100 G) 500215016978 (KT MOK-DONG2 - LG CNS Mieum/100 G) 500252559291 (LGUPLUS - MS Busan Center /100 G) 500252559292 (LGUPLUS - MS Busan Center /100 G) 500252559293 (LGUPLUS - MS Busan Center /100 G) 500252588303 (LGUPLUS - MS Busan Center /100 G)
24372384	210.173.176.165	AS18274
17278122	IE1039258367	IE1039258367
17548462	142.250.47.52 142.250.47.53 104.44.37.68 104.44.37.69	-
17949877	104.44.46.202 104.44.46.203	-
